<?xml version="1.0" encoding="UTF-8"?>
<BaliMessageLog>
    <Task name="Map">
        <Message>
            <ID>1100644</ID>
            <Severity>Warning</Severity>
            <Dynamic>D:/PPU_REVERSE/FPGA/PPU_LITE_LATTICE/PPU_LITE_LATTICE.lpf(54): Semantic error in &quot;IOBUF PORT &quot;VRAMA10&quot; IO_TYPE=LVCMOS33 ;&quot;: </Dynamic>
            <Dynamic>VRAMA10</Dynamic>
            <Navigation>D:/PPU_REVERSE/FPGA/PPU_LITE_LATTICE/PPU_LITE_LATTICE.lpf</Navigation>
            <Navigation>54</Navigation>
        </Message>
        <Message>
            <ID>1100644</ID>
            <Severity>Warning</Severity>
            <Dynamic>D:/PPU_REVERSE/FPGA/PPU_LITE_LATTICE/PPU_LITE_LATTICE.lpf(55): Semantic error in &quot;IOBUF PORT &quot;VRAMCS&quot; IO_TYPE=LVCMOS33 ;&quot;: </Dynamic>
            <Dynamic>VRAMCS</Dynamic>
            <Navigation>D:/PPU_REVERSE/FPGA/PPU_LITE_LATTICE/PPU_LITE_LATTICE.lpf</Navigation>
            <Navigation>55</Navigation>
        </Message>
        <Message>
            <ID>1104062</ID>
            <Severity>Warning</Severity>
            <Dynamic></Dynamic>
            <Dynamic>2 semantic errors</Dynamic>
        </Message>
        <Message>
            <ID>51001046</ID>
            <Severity>Warning</Severity>
            <Dynamic>VRAMCS</Dynamic>
        </Message>
        <Message>
            <ID>51001046</ID>
            <Severity>Warning</Severity>
            <Dynamic>VRAMA10</Dynamic>
        </Message>
        <Message>
            <ID>51001230</ID>
            <Severity>Warning</Severity>
            <Dynamic>D:/PPU_REVERSE/FPGA/PPU_LITE_LATTICE/PPU_LITE_LATTICE.lpf</Dynamic>
        </Message>
    </Task>
    <Task name="PAR">
        <Message>
            <ID>62061014</ID>
            <Severity>Warning</Severity>
            <Dynamic>MCLK_c</Dynamic>
        </Message>
    </Task>
    <Task name="Translate">
        <Message>
            <ID>1166052</ID>
            <Severity>Warning</Severity>
            <Dynamic>logical</Dynamic>
            <Dynamic>MOD_OBJ_EVAL/OVS_s_7_0_COUT</Dynamic>
            <Navigation>MOD_OBJ_EVAL/OVS_s_7_0_COUT</Navigation>
        </Message>
        <Message>
            <ID>1166052</ID>
            <Severity>Warning</Severity>
            <Dynamic>logical</Dynamic>
            <Dynamic>MOD_OBJ_EVAL/OVS_s_7_0_S1</Dynamic>
            <Navigation>MOD_OBJ_EVAL/OVS_s_7_0_S1</Navigation>
        </Message>
        <Message>
            <ID>1166052</ID>
            <Severity>Warning</Severity>
            <Dynamic>logical</Dynamic>
            <Dynamic>MOD_OBJ_EVAL/OVS_cry_0_0_S0</Dynamic>
            <Navigation>MOD_OBJ_EVAL/OVS_cry_0_0_S0</Navigation>
        </Message>
        <Message>
            <ID>1166052</ID>
            <Severity>Warning</Severity>
            <Dynamic>logical</Dynamic>
            <Dynamic>MOD_OBJ_EVAL/OVS_cry_0_0_S1</Dynamic>
            <Navigation>MOD_OBJ_EVAL/OVS_cry_0_0_S1</Navigation>
        </Message>
        <Message>
            <ID>1166052</ID>
            <Severity>Warning</Severity>
            <Dynamic>logical</Dynamic>
            <Dynamic>VRAMCS</Dynamic>
            <Navigation>VRAMCS</Navigation>
        </Message>
        <Message>
            <ID>1166052</ID>
            <Severity>Warning</Severity>
            <Dynamic>logical</Dynamic>
            <Dynamic>VRAMA10</Dynamic>
            <Navigation>VRAMA10</Navigation>
        </Message>
        <Message>
            <ID>1163101</ID>
            <Severity>Warning</Severity>
            <Dynamic>6</Dynamic>
        </Message>
    </Task>
    <Task name="Synplify_Synthesis">
        <Message>
            <ID>2011000</ID>
            <Severity>Info</Severity>
        </Message>
        <Message>
            <ID>2019991</ID>
            <Severity>Warning</Severity>
            <Dynamic>CL159 :&quot;D:\PPU_REVERSE\FPGA\PPU_LITE_LATTICE\RP2C02_LITE_LAT.v&quot;:47:7:47:12|Input VRAMCS is unused</Dynamic>
            <Navigation>CL159</Navigation>
            <Navigation>D:\PPU_REVERSE\FPGA\PPU_LITE_LATTICE\RP2C02_LITE_LAT.v</Navigation>
            <Navigation>47</Navigation>
            <Navigation>7</Navigation>
            <Navigation>47</Navigation>
            <Navigation>12</Navigation>
            <Navigation>Input VRAMCS is unused</Navigation>
        </Message>
        <Message>
            <ID>2019991</ID>
            <Severity>Warning</Severity>
            <Dynamic>CL159 :&quot;D:\PPU_REVERSE\FPGA\PPU_LITE_LATTICE\RP2C02_LITE_LAT.v&quot;:48:7:48:13|Input VRAMA10 is unused</Dynamic>
            <Navigation>CL159</Navigation>
            <Navigation>D:\PPU_REVERSE\FPGA\PPU_LITE_LATTICE\RP2C02_LITE_LAT.v</Navigation>
            <Navigation>48</Navigation>
            <Navigation>7</Navigation>
            <Navigation>48</Navigation>
            <Navigation>13</Navigation>
            <Navigation>Input VRAMA10 is unused</Navigation>
        </Message>
        <Message>
            <ID>2019991</ID>
            <Severity>Warning</Severity>
            <Dynamic>CL159 :&quot;D:\PPU_REVERSE\FPGA\PPU_LITE_LATTICE\RP2C02_LITE_LAT.v&quot;:1636:6:1636:10|Input nPCLK is unused</Dynamic>
            <Navigation>CL159</Navigation>
            <Navigation>D:\PPU_REVERSE\FPGA\PPU_LITE_LATTICE\RP2C02_LITE_LAT.v</Navigation>
            <Navigation>1636</Navigation>
            <Navigation>6</Navigation>
            <Navigation>1636</Navigation>
            <Navigation>10</Navigation>
            <Navigation>Input nPCLK is unused</Navigation>
        </Message>
        <Message>
            <ID>2019991</ID>
            <Severity>Warning</Severity>
            <Dynamic>BN132 :&quot;d:\ppu_reverse\fpga\ppu_lite_lattice\rp2c02_lite_lat.v&quot;:812:0:812:5|Removing sequential instance MOD_TIMING_GENERATOR.VC_LATCH,  because it is equivalent to instance MOD_TIMING_GENERATOR.RESCL_IN</Dynamic>
            <Navigation>BN132</Navigation>
            <Navigation>d:\ppu_reverse\fpga\ppu_lite_lattice\rp2c02_lite_lat.v</Navigation>
            <Navigation>812</Navigation>
            <Navigation>0</Navigation>
            <Navigation>812</Navigation>
            <Navigation>5</Navigation>
            <Navigation>Removing sequential instance MOD_TIMING_GENERATOR.VC_LATCH,  because it is equivalent to instance MOD_TIMING_GENERATOR.RESCL_IN</Navigation>
        </Message>
        <Message>
            <ID>2019991</ID>
            <Severity>Warning</Severity>
            <Dynamic>MT529 :&quot;d:\ppu_reverse\fpga\ppu_lite_lattice\coder_ntsc_pal.v&quot;:107:0:107:5|Found inferred clock PLL|CLKOP_inferred_clock which controls 1037 sequential elements including MOD_CODER_NTSC_PAL.DIV[3:0]. This clock has no specified timing constraint which may prevent conversion of gated or generated clocks and may adversely impact design performance.</Dynamic>
            <Navigation>MT529</Navigation>
            <Navigation>d:\ppu_reverse\fpga\ppu_lite_lattice\coder_ntsc_pal.v</Navigation>
            <Navigation>107</Navigation>
            <Navigation>0</Navigation>
            <Navigation>107</Navigation>
            <Navigation>5</Navigation>
            <Navigation>Found inferred clock PLL|CLKOP_inferred_clock which controls 1037 sequential elements including MOD_CODER_NTSC_PAL.DIV[3:0]. This clock has no specified timing constraint which may prevent conversion of gated or generated clocks and may adversely impact design performance. </Navigation>
        </Message>
        <Message>
            <ID>2019991</ID>
            <Severity>Warning</Severity>
            <Dynamic>MT529 :&quot;d:\ppu_reverse\fpga\ppu_lite_lattice\rp2c02_lite_lat.v&quot;:491:0:491:5|Found inferred clock RP2C02_LITE_LAT|MCLK which controls 6 sequential elements including MOD_CLK_DIV.PCLK_P[2:0]. This clock has no specified timing constraint which may prevent conversion of gated or generated clocks and may adversely impact design performance.</Dynamic>
            <Navigation>MT529</Navigation>
            <Navigation>d:\ppu_reverse\fpga\ppu_lite_lattice\rp2c02_lite_lat.v</Navigation>
            <Navigation>491</Navigation>
            <Navigation>0</Navigation>
            <Navigation>491</Navigation>
            <Navigation>5</Navigation>
            <Navigation>Found inferred clock RP2C02_LITE_LAT|MCLK which controls 6 sequential elements including MOD_CLK_DIV.PCLK_P[2:0]. This clock has no specified timing constraint which may prevent conversion of gated or generated clocks and may adversely impact design performance. </Navigation>
        </Message>
        <Message>
            <ID>2019991</ID>
            <Severity>Warning</Severity>
            <Dynamic>BN132 :&quot;d:\ppu_reverse\fpga\ppu_lite_lattice\rp2c02_lite_lat.v&quot;:932:0:932:5|Removing sequential instance MOD_ADDRESS_BUS_CONTROL.TSTEP_LATCH,  because it is equivalent to instance MOD_PALETTE.DB_PARR</Dynamic>
            <Navigation>BN132</Navigation>
            <Navigation>d:\ppu_reverse\fpga\ppu_lite_lattice\rp2c02_lite_lat.v</Navigation>
            <Navigation>932</Navigation>
            <Navigation>0</Navigation>
            <Navigation>932</Navigation>
            <Navigation>5</Navigation>
            <Navigation>Removing sequential instance MOD_ADDRESS_BUS_CONTROL.TSTEP_LATCH,  because it is equivalent to instance MOD_PALETTE.DB_PARR</Navigation>
        </Message>
        <Message>
            <ID>2019991</ID>
            <Severity>Warning</Severity>
            <Dynamic>BN132 :&quot;d:\ppu_reverse\fpga\ppu_lite_lattice\rp2c02_lite_lat.v&quot;:1261:0:1261:5|Removing sequential instance MOD_OBJ_EVAL.OBLATCH[7:0],  because it is equivalent to instance MOD_READBUSMUX.OB_R[7:0]</Dynamic>
            <Navigation>BN132</Navigation>
            <Navigation>d:\ppu_reverse\fpga\ppu_lite_lattice\rp2c02_lite_lat.v</Navigation>
            <Navigation>1261</Navigation>
            <Navigation>0</Navigation>
            <Navigation>1261</Navigation>
            <Navigation>5</Navigation>
            <Navigation>Removing sequential instance MOD_OBJ_EVAL.OBLATCH[7:0],  because it is equivalent to instance MOD_READBUSMUX.OB_R[7:0]</Navigation>
        </Message>
        <Message>
            <ID>2019991</ID>
            <Severity>Warning</Severity>
            <Dynamic>BN132 :&quot;d:\ppu_reverse\fpga\ppu_lite_lattice\rp2c02_lite_lat.v&quot;:1612:0:1612:5|Removing instance MOD_VID_MUX.THO_LATCH[1],  because it is equivalent to instance MOD_BG_COLOR.THO1R</Dynamic>
            <Navigation>BN132</Navigation>
            <Navigation>d:\ppu_reverse\fpga\ppu_lite_lattice\rp2c02_lite_lat.v</Navigation>
            <Navigation>1612</Navigation>
            <Navigation>0</Navigation>
            <Navigation>1612</Navigation>
            <Navigation>5</Navigation>
            <Navigation>Removing instance MOD_VID_MUX.THO_LATCH[1],  because it is equivalent to instance MOD_BG_COLOR.THO1R</Navigation>
        </Message>
        <Message>
            <ID>2019991</ID>
            <Severity>Warning</Severity>
            <Dynamic>BN132 :&quot;d:\ppu_reverse\fpga\ppu_lite_lattice\rp2c02_lite_lat.v&quot;:1174:0:1174:5|Removing instance MOD_PAR_GEN.TAL_LATCH,  because it is equivalent to instance MOD_OBJ_EVAL.PD_FIFO2</Dynamic>
            <Navigation>BN132</Navigation>
            <Navigation>d:\ppu_reverse\fpga\ppu_lite_lattice\rp2c02_lite_lat.v</Navigation>
            <Navigation>1174</Navigation>
            <Navigation>0</Navigation>
            <Navigation>1174</Navigation>
            <Navigation>5</Navigation>
            <Navigation>Removing instance MOD_PAR_GEN.TAL_LATCH,  because it is equivalent to instance MOD_OBJ_EVAL.PD_FIFO2</Navigation>
        </Message>
        <Message>
            <ID>2019991</ID>
            <Severity>Warning</Severity>
            <Dynamic>MT246 :&quot;d:\ppu_reverse\fpga\ppu_lite_lattice\pll.v&quot;:64:12:64:20|Blackbox EHXPLLJ is missing a user supplied timing model. This may have a negative effect on timing analysis and optimizations (Quality of Results)</Dynamic>
            <Navigation>MT246</Navigation>
            <Navigation>d:\ppu_reverse\fpga\ppu_lite_lattice\pll.v</Navigation>
            <Navigation>64</Navigation>
            <Navigation>12</Navigation>
            <Navigation>64</Navigation>
            <Navigation>20</Navigation>
            <Navigation>Blackbox EHXPLLJ is missing a user supplied timing model. This may have a negative effect on timing analysis and optimizations (Quality of Results) </Navigation>
        </Message>
        <Message>
            <ID>2019993</ID>
            <Severity>Warning</Severity>
            <Dynamic>MT420 |Found inferred clock RP2C02_LITE_LAT|MCLK with period 1000.00ns. Please declare a user-defined clock on object &quot;p:MCLK&quot;</Dynamic>
            <Navigation>MT420</Navigation>
            <Navigation>Found inferred clock RP2C02_LITE_LAT|MCLK with period 1000.00ns. Please declare a user-defined clock on object &quot;p:MCLK&quot;</Navigation>
        </Message>
        <Message>
            <ID>2019993</ID>
            <Severity>Warning</Severity>
            <Dynamic>MT420 |Found inferred clock PLL|CLKOP_inferred_clock with period 1000.00ns. Please declare a user-defined clock on object &quot;n:MOD_PLL.CLKOP&quot;</Dynamic>
            <Navigation>MT420</Navigation>
            <Navigation>Found inferred clock PLL|CLKOP_inferred_clock with period 1000.00ns. Please declare a user-defined clock on object &quot;n:MOD_PLL.CLKOP&quot;</Navigation>
        </Message>
    </Task>
</BaliMessageLog>