<?xml version="1.0" encoding="UTF-8"?>
<BaliMessageLog>
    <Task name="Map">
        <Message>
            <ID>1100644</ID>
            <Severity>Warning</Severity>
            <Dynamic>D:/PPU_REVERSE/FPGA/PPU_LITE_LATTICE/PPU_LITE_LATTICE.lpf(54): Semantic error in &quot;IOBUF PORT &quot;VRAMA10&quot; IO_TYPE=LVCMOS33 ;&quot;: </Dynamic>
            <Dynamic>VRAMA10</Dynamic>
            <Navigation>D:/PPU_REVERSE/FPGA/PPU_LITE_LATTICE/PPU_LITE_LATTICE.lpf</Navigation>
            <Navigation>54</Navigation>
        </Message>
        <Message>
            <ID>1100644</ID>
            <Severity>Warning</Severity>
            <Dynamic>D:/PPU_REVERSE/FPGA/PPU_LITE_LATTICE/PPU_LITE_LATTICE.lpf(55): Semantic error in &quot;IOBUF PORT &quot;VRAMCS&quot; IO_TYPE=LVCMOS33 ;&quot;: </Dynamic>
            <Dynamic>VRAMCS</Dynamic>
            <Navigation>D:/PPU_REVERSE/FPGA/PPU_LITE_LATTICE/PPU_LITE_LATTICE.lpf</Navigation>
            <Navigation>55</Navigation>
        </Message>
        <Message>
            <ID>1104062</ID>
            <Severity>Warning</Severity>
            <Dynamic></Dynamic>
            <Dynamic>2 semantic errors</Dynamic>
        </Message>
        <Message>
            <ID>51001046</ID>
            <Severity>Warning</Severity>
            <Dynamic>PALSEL2</Dynamic>
        </Message>
        <Message>
            <ID>51001046</ID>
            <Severity>Warning</Severity>
            <Dynamic>VRAMCS</Dynamic>
        </Message>
        <Message>
            <ID>51001046</ID>
            <Severity>Warning</Severity>
            <Dynamic>VRAMA10</Dynamic>
        </Message>
        <Message>
            <ID>51001230</ID>
            <Severity>Warning</Severity>
            <Dynamic>D:/PPU_REVERSE/FPGA/PPU_LITE_LATTICE/PPU_LITE_LATTICE.lpf</Dynamic>
        </Message>
    </Task>
    <Task name="PAR">
        <Message>
            <ID>62061014</ID>
            <Severity>Warning</Severity>
            <Dynamic>MCLK_c</Dynamic>
        </Message>
    </Task>
    <Task name="Translate">
        <Message>
            <ID>1166052</ID>
            <Severity>Warning</Severity>
            <Dynamic>logical</Dynamic>
            <Dynamic>MOD_OBJ_EVAL/OVS_s_7_0_COUT</Dynamic>
            <Navigation>MOD_OBJ_EVAL/OVS_s_7_0_COUT</Navigation>
        </Message>
        <Message>
            <ID>1166052</ID>
            <Severity>Warning</Severity>
            <Dynamic>logical</Dynamic>
            <Dynamic>MOD_OBJ_EVAL/OVS_s_7_0_S1</Dynamic>
            <Navigation>MOD_OBJ_EVAL/OVS_s_7_0_S1</Navigation>
        </Message>
        <Message>
            <ID>1166052</ID>
            <Severity>Warning</Severity>
            <Dynamic>logical</Dynamic>
            <Dynamic>MOD_OBJ_EVAL/OVS_cry_0_0_S0</Dynamic>
            <Navigation>MOD_OBJ_EVAL/OVS_cry_0_0_S0</Navigation>
        </Message>
        <Message>
            <ID>1166052</ID>
            <Severity>Warning</Severity>
            <Dynamic>logical</Dynamic>
            <Dynamic>MOD_OBJ_EVAL/OVS_cry_0_0_S1</Dynamic>
            <Navigation>MOD_OBJ_EVAL/OVS_cry_0_0_S1</Navigation>
        </Message>
        <Message>
            <ID>1166052</ID>
            <Severity>Warning</Severity>
            <Dynamic>logical</Dynamic>
            <Dynamic>PALSEL2</Dynamic>
            <Navigation>PALSEL2</Navigation>
        </Message>
        <Message>
            <ID>1166052</ID>
            <Severity>Warning</Severity>
            <Dynamic>logical</Dynamic>
            <Dynamic>VRAMCS</Dynamic>
            <Navigation>VRAMCS</Navigation>
        </Message>
        <Message>
            <ID>1166052</ID>
            <Severity>Warning</Severity>
            <Dynamic>logical</Dynamic>
            <Dynamic>VRAMA10</Dynamic>
            <Navigation>VRAMA10</Navigation>
        </Message>
        <Message>
            <ID>1163101</ID>
            <Severity>Warning</Severity>
            <Dynamic>7</Dynamic>
        </Message>
    </Task>
    <Task name="Synplify_Synthesis">
        <Message>
            <ID>2011000</ID>
            <Severity>Info</Severity>
        </Message>
        <Message>
            <ID>2019991</ID>
            <Severity>Warning</Severity>
            <Dynamic>CL159 :&quot;D:\PPU_REVERSE\FPGA\PPU_LITE_LATTICE\RP2C02_LITE_LAT.v&quot;:47:7:47:12|Input VRAMCS is unused</Dynamic>
            <Navigation>CL159</Navigation>
            <Navigation>D:\PPU_REVERSE\FPGA\PPU_LITE_LATTICE\RP2C02_LITE_LAT.v</Navigation>
            <Navigation>47</Navigation>
            <Navigation>7</Navigation>
            <Navigation>47</Navigation>
            <Navigation>12</Navigation>
            <Navigation>Input VRAMCS is unused</Navigation>
        </Message>
        <Message>
            <ID>2019991</ID>
            <Severity>Warning</Severity>
            <Dynamic>CL159 :&quot;D:\PPU_REVERSE\FPGA\PPU_LITE_LATTICE\RP2C02_LITE_LAT.v&quot;:48:7:48:13|Input VRAMA10 is unused</Dynamic>
            <Navigation>CL159</Navigation>
            <Navigation>D:\PPU_REVERSE\FPGA\PPU_LITE_LATTICE\RP2C02_LITE_LAT.v</Navigation>
            <Navigation>48</Navigation>
            <Navigation>7</Navigation>
            <Navigation>48</Navigation>
            <Navigation>13</Navigation>
            <Navigation>Input VRAMA10 is unused</Navigation>
        </Message>
        <Message>
            <ID>2019991</ID>
            <Severity>Warning</Severity>
            <Dynamic>CL159 :&quot;D:\PPU_REVERSE\FPGA\PPU_LITE_LATTICE\RP2C02_LITE_LAT.v&quot;:1636:6:1636:10|Input nPCLK is unused</Dynamic>
            <Navigation>CL159</Navigation>
            <Navigation>D:\PPU_REVERSE\FPGA\PPU_LITE_LATTICE\RP2C02_LITE_LAT.v</Navigation>
            <Navigation>1636</Navigation>
            <Navigation>6</Navigation>
            <Navigation>1636</Navigation>
            <Navigation>10</Navigation>
            <Navigation>Input nPCLK is unused</Navigation>
        </Message>
        <Message>
            <ID>2019991</ID>
            <Severity>Warning</Severity>
            <Dynamic>CL159 :&quot;D:\PPU_REVERSE\FPGA\PPU_LITE_LATTICE\RP2C02_LITE_LAT.v&quot;:1647:6:1647:12|Input PALSEL2 is unused</Dynamic>
            <Navigation>CL159</Navigation>
            <Navigation>D:\PPU_REVERSE\FPGA\PPU_LITE_LATTICE\RP2C02_LITE_LAT.v</Navigation>
            <Navigation>1647</Navigation>
            <Navigation>6</Navigation>
            <Navigation>1647</Navigation>
            <Navigation>12</Navigation>
            <Navigation>Input PALSEL2 is unused</Navigation>
        </Message>
    </Task>
</BaliMessageLog>